Date;Venue;Country;Course name;Course setter;Gates (#);Turning Gates (#);Start Altitude (m);Finish Altitude (m);Vertical Drop (m);Start time;Weather;Snow;Temp Start (°C);Temp Finish (°C);Run;Nation;Best;Is Fastest?;ID;total time (sec);Gate 01 (ms);Gate 02;Gate 03;Gate 04;Gate 05;Gate 06;Gate 07;Gate 08;Gate 09;Gate 10;Gate 11;Gate 12;Gate 13;Gate 14;Gate 15;Gate 16;Gate 17;Gate 18;Gate 19;Gate 20;Gate 21;Gate 22;Gate 23;Gate 24;Gate 25;Gate 26;Gate 27;Gate 28;Gate 29;Gate 30;Gate 31;Gate 32;Gate 33;Gate 34;Gate 35;Gate 36;Gate 37;Gate 38;Gate 39;Gate 40;Gate 41;Gate 42;Gate 43;Gate 44;Gate 45;Gate 46;Gate 47;Gate 48;Gate 49;Gate 50;Gate 51;Gate 52;Gate 53;Gate 54;Gate 55;Gate 56;Gate 57;Gate 58;Gate 59;Gate 60;Gate 61;Gate 62;Gate 63;Gate 64;Gate 65;Gate 66;Gate 67;Gate 68
07,01,2024;Adelboden;Switzerland;Chuenisbaergli;BRUNNER Bernd;63;62;1513;1302;211;13:30;MOSTLY CLOUDY;COMPACT;-4;-2;2;SUI;MEILLARD Loic;no;07,01,2024Adelboden2SUI;55.06;0.96;1.06;0.94;0.96;1;0.52;0.96;1.06;0.78;0.78;1.04;1.06;0.96;0.9;0.92;0.96;0.98;0.5;0.94;0.92;0.96;0.4;0.4;0.7;0.74;0.74;0.8;0.68;0.8;0.9;0.86;1;0.96;0.98;0.82;1.6;0.94;1.04;0.54;1.28;1.18;1.1;0.98;0.96;0.94;1.04;0.82;1;1.02;0.92;0.5;1.06;0.96;1.02;0.82;0.74;0.4;0.48;0.84;0.66;0.58;;;;;;;
07,01,2024;Adelboden;Switzerland;Chuenisbaergli;BRUNNER Bernd;63;62;1513;1302;211;13:30;MOSTLY CLOUDY;COMPACT;-4;-2;2;AUT;RASCHNER Dominik;yes;07,01,2024Adelboden2AUT;54.88;0.96;1.08;0.96;0.98;0.86;0.54;1;1.04;0.8;0.82;1.02;1.04;0.92;0.86;0.92;1;0.92;0.38;0.94;0.9;0.92;0.4;0.4;0.72;0.72;0.74;0.8;0.68;0.8;0.9;0.98;1.04;1.02;1.02;0.84;1.6;0.94;1.02;0.58;1.26;1.14;1.18;1.08;0.9;0.86;1.02;0.86;0.92;0.86;0.86;0.48;1.04;1.02;1.04;0.88;0.76;0.4;0.5;0.86;0.68;0.58;;;;;;;
07,01,2024;Adelboden;Switzerland;Chuenisbaergli;FUESS Robert;69;67;1513;1302;211;10:30;MOSTLY CLOUDY;COMPACT;-5;-3;1;NOR;STEEN OLSEN Alexander;yes;07,01,2024Adelboden1NOR;56.79;0.88;0.98;0.76;0.88;0.44;0.88;0.82;0.84;0.86;0.9;0.86;0.46;0.92;0.9;0.88;1;1.02;1;1;0.96;0.54;1.02;0.76;0.86;1.08;0.76;0.7;0.4;0.44;0.76;0.72;0.72;0.74;0.82;0.92;0.8;0.42;0.94;0.94;0.88;1.54;0.98;1;0.52;1.16;1.14;1.16;1.02;0.9;0.92;0.86;0.48;0.88;0.86;0.9;0.64;0.8;1.02;0.9;0.46;0.8;0.76;0.72;0.78;0.7;0.66;;
07,01,2024;Adelboden;Switzerland;Chuenisbaergli;FUESS Robert;69;67;1513;1302;211;10:30;MOSTLY CLOUDY;COMPACT;-5;-3;1;SUI;ZENHAEUSERN Ramon;no;07,01,2024Adelboden1SUI;57.44;0.9;0.9;0.82;0.92;0.5;0.92;0.82;0.86;0.88;0.88;0.82;0.48;0.94;0.9;0.84;0.92;1.06;0.98;0.98;0.92;0.52;1;0.8;0.8;1.02;0.72;0.72;0.42;0.46;0.72;0.78;0.7;0.74;0.8;0.86;0.84;0.44;0.96;0.94;0.86;1.48;0.92;1.02;0.58;1.24;1.14;1.26;0.88;1.08;1.04;0.98;0.54;1.04;0.9;0.92;0.64;0.86;1.04;0.94;0.44;0.82;0.78;0.74;0.74;0.74;0.68;;
03,03,2024;Aspen;USA;Lower Ruthies Run;GLASSER-DAVIES Tristan;64;63;2685;2470;215;10:00;LIGHT SNOW;PACKED POWDER;-7;-5;1;SUI;MEILLARD Loic;no;03,03,2024Aspen1SUI;52.66;0.9;0.8;0.8;0.8;0.933;1.033;0.5;0.866;0.866;0.866;0.466;0.833;0.9;0.866;0.866;0.866;0.466;0.966;0.766;0.866;0.9;1;1.033;0.9;1;0.966;0.8;0.766;0.766;0.8;0.433;0.533;0.9;0.933;0.933;0.966;0.966;0.966;0.466;1;0.933;0.9;0.966;0.966;0.8;0.933;0.4;0.933;0.9;0.866;0.9;0.9;0.9;0.866;0.866;0.866;1.133;0.8;0.4;0.6;0.533;;;;;;;
03,03,2024;Aspen;USA;Lower Ruthies Run;JORIS Matteo;64;63;2685;2470;215;13:00;MOSTLY CLOUDY;PACKED POWDER;-3;-2;2;SUI;MEILLARD Loic;no;03,03,2024Aspen2SUI;50.07;0.9;0.833;0.866;0.833;0.9;0.933;0.433;0.933;0.9;0.933;0.433;0.9;0.9;0.833;0.9;0.833;0.5;0.9;0.733;0.8;0.833;0.833;0.933;0.9;0.9;0.866;0.633;0.733;0.566;0.666;0.4;0.5;0.766;0.8;0.933;0.933;0.966;0.9;0.466;1;0.933;1;0.866;0.9;0.8;0.833;0.433;1;0.933;0.9;0.766;0.766;0.766;0.833;0.833;0.766;1;0.733;0.333;0.566;0.533;;;;;;;
03,03,2024;Aspen;USA;Lower Ruthies Run;GLASSER-DAVIES Tristan;64;63;2685;2470;215;10:00;LIGHT SNOW;PACKED POWDER;-7;-5;1;FRA;NOEL Clement;yes;03,03,2024Aspen1FRA;52.39;0.966;0.766;0.866;0.733;0.933;0.966;0.533;0.9;0.9;0.766;0.433;0.833;0.833;0.9;0.9;0.9;0.533;1.1;0.8;0.866;1;0.833;0.966;0.833;1.1;1;0.8;0.7;0.7;0.766;0.433;0.566;0.6;1.1;0.966;0.933;0.933;0.966;0.5;1.066;0.966;0.9;0.933;0.833;0.833;0.966;0.433;0.966;0.833;0.866;0.766;0.933;0.833;0.9;0.833;0.866;1.1;0.8;0.433;0.6;0.533;;;;;;;
03,03,2024;Aspen;USA;Lower Ruthies Run;JORIS Matteo;64;63;2685;2470;215;13:00;MOSTLY CLOUDY;PACKED POWDER;-3;-2;2;GBR;TAYLOR Laurie;yes;03,03,2024Aspen2GBR;49.43;0.966;0.8;0.9;0.933;0.866;0.966;0.433;0.866;0.9;0.933;0.433;0.866;0.9;0.833;0.866;0.866;0.466;0.833;0.7;0.8;0.8;0.833;0.9;0.866;0.8;0.8;0.666;0.666;0.566;0.666;0.366;0.466;0.8;0.8;0.9;0.9;0.933;0.933;0.466;0.966;0.966;0.966;0.833;0.833;0.866;0.766;0.466;0.9;0.833;0.933;0.8;0.7;0.7;0.833;0.8;0.8;1;0.733;0.4;0.6;0.533;;;;;;;
11,02,2024;Bansko;Bulgaria;Tomba;COOPER Nick;65;64;1830;1610;220;10:30;RAIN;;;;1;SUI;MEILLARD Loic;no;11,02,2024Bansko1SUI;50.17;1;0.8;0.766;0.8;1.333;0.9;0.866;0.8;0.8;1.166;0.933;0.966;0.966;0.866;0.766;1.733;0.7;0.866;0.933;0.866;0.833;1.3;0.8;0.833;0.7;0.866;0.833;0.8;0.9;0.9;0.766;1.6;0.866;0.766;2.266;0.9;0.966;0.866;0.833;0.9;0.833;0.8;0.8;1.833;0.833;0.766;0.766;1.133;0.666;0.633;0.966;0.733;;;;;;;;;;;;;;;;
11,02,2024;Bansko;Bulgaria;Tomba;COOPER Nick;65;64;1830;1610;220;10:30;RAIN;;;;1;FRA;NOEL Clement;yes;11,02,2024Bansko1FRA;49.13;0.866;0.866;0.8;0.733;1.366;0.9;0.766;0.9;0.8;1.2;0.9;0.866;0.833;0.733;0.766;1.6;0.7;0.9;0.933;1;0.8;1.3;0.733;0.8;0.7;0.8;0.833;0.833;0.8;0.8;0.8;1.3;0.833;0.7;2.033;1.066;1;0.933;1;0.933;0.733;0.9;0.766;1.866;0.766;0.766;0.7;1.066;0.633;0.633;0.933;0.733;;;;;;;;;;;0.733;;;;;
04,02,2024;Chamonix;France;Verte;VIETZE Sandy;59;58;1169;985;184;09:30;SUNNY;COMPACT;4;2;1;SUI;MEILLARD Loic;no;04,02,2024Chamonix1SUI;47.8;0.8;0.966;0.833;0.866;0.866;0.933;0.5;1.033;0.9;1;0.966;0.833;0.866;0.433;1;0.866;1;0.866;0.8;0.766;0.766;0.4;1;0.766;0.933;0.933;1;1;1;0.5;1;0.8;1;0.866;0.933;0.866;0.8;0.766;0.9;0.8;0.4;0.966;0.766;0.8;0.8;1;0.4;0.4;0.666;0.733;0.4;0.8;1;0.866;0.866;0.733;;;;;;;;;;;;
04,02,2024;Chamonix;France;Verte;PLATTNER Roland;61;59;1169;985;184;12:30;SUNNY;COMPACT;6;8;2;SUI;NEF Tanguy;no;04,02,2024Chamonix2SUI;48.26;1.066;0.866;0.866;0.766;0.9;0.466;1.1;0.866;1;0.933;0.9;0.9;0.866;0.766;0.766;0.833;0.466;0.933;0.866;0.766;0.833;0.733;0.833;1.333;0.433;0.966;1;0.933;1.066;0.8;0.8;0.733;0.933;0.866;0.466;0.833;0.9;0.8;0.866;0.9;0.833;0.766;1.2;0.7;0.733;0.7;0.733;0.366;0.766;0.733;0.8;0.833;0.8;0.766;0.4;0.433;0.6;0.633;46.713;;;;;;;;;
04,02,2024;Chamonix;France;Verte;VIETZE Sandy;59;58;1169;985;184;09:30;SUNNY;COMPACT;4;2;1;FRA;NOEL Clement;yes;04,02,2024Chamonix1FRA;47.09;0.9;0.9;0.866;0.833;0.833;0.933;0.5;1;1;0.966;0.966;0.866;0.9;0.4;1;0.8;1;0.9;0.8;0.733;0.7;0.433;0.966;0.8;0.933;0.933;0.966;0.966;1;0.5;1;0.8;0.966;0.733;0.866;0.833;0.8;0.766;0.866;0.733;0.433;0.866;0.766;0.733;0.733;1.033;0.366;0.4;0.7;0.7;0.433;0.766;1;0.766;0.833;0.766;;;;;;;;;;;;
04,02,2024;Chamonix;France;Verte;PLATTNER Roland;61;59;1169;985;184;12:30;SUNNY;COMPACT;6;8;2;SUI;YULE Daniel;yes;04,02,2024Chamonix2SUI;47.22;1.066;0.866;0.833;0.7;0.833;0.433;1;0.833;0.933;0.866;0.9;0.8;0.9;0.733;0.8;0.866;0.5;0.933;0.833;0.7;0.8;0.733;0.8;1.3;0.366;0.933;1.066;0.833;1;0.766;0.733;0.733;0.9;0.866;0.5;0.9;0.866;0.766;0.866;0.833;0.833;0.733;1.133;0.7;0.666;0.733;0.733;0.433;0.733;0.733;0.833;0.8;0.833;0.766;0.433;0.433;0.6;0.666;45.682;;;;;;;;;
18,11,2023;Gurgl;Austria;Kirchenklar;GLEBOV Alec;66;65;2475;2265;210;10:45;SUNNY;COMPACT;-9;-9;1;AUT;FELLER Manuel;yes;18,11,2023Gurgl1AUT;53.22;1.033;0.8;0.833;0.8;0.4;0.833;0.9;0.833;0.833;0.666;0.766;0.7;0.7;0.433;1.033;0.966;0.833;0.966;0.933;1.033;0.933;1.1;1.033;1.066;0.966;0.966;0.7;0.933;0.833;0.966;0.933;0.9;0.966;0.9;0.933;0.9;0.9;1;0.5;0.966;0.9;0.866;0.8;0.766;0.866;0.8;0.733;0.366;0.5;0.666;0.666;0.733;0.566;0.366;0.466;0.766;0.666;0.766;1.166;0.766;0.833;0.766;0.7;0.566;;;;
18,11,2023;Gurgl;Austria;Kirchenklar;GLEBOV Alec;66;65;2475;2265;210;10:45;SUNNY;COMPACT;-9;-9;1;SUI;MEILLARD Loic;no;18,11,2023Gurgl1SUI;54.32;1.066;0.733;0.833;0.766;0.366;0.833;0.866;0.866;0.9;0.7;0.8;0.7;0.766;0.4;1;1;0.9;0.966;0.966;1;1;1.066;0.966;1.033;1.033;1;0.566;0.966;0.933;0.9;0.933;1;0.966;0.833;1.033;0.933;0.9;0.933;0.533;1.133;1.033;0.933;0.933;0.866;0.833;0.8;0.7;0.333;0.466;0.733;0.666;0.733;0.766;0.4;0.5;0.733;0.7;0.8;1.166;0.766;0.866;0.8;0.7;0.533;;;;
18,11,2023;Gurgl;Austria;Kirchenklar;COSTAZZA Stefano;63;62;2475;2265;210;13:45;SUNNY;COMPACT;-5;-4;2;SUI;NEF Tanguy;no;18,11,2023Gurgl2SUI;53.32;1.033;0.8;0.8;0.833;0.833;0.933;0.433;0.966;0.966;1.033;1;0.433;0.866;0.933;1.066;1.1;1.133;0.966;1.133;1.1;0.966;1;0.9;0.933;0.966;0.466;0.933;0.933;0.966;1.066;0.866;1.4;1;0.466;0.933;0.966;1;1;0.966;0.933;1.133;0.866;0.866;0.433;0.4;0.733;0.733;0.766;0.7;0.8;0.3;0.433;0.666;0.766;0.3;0.7;0.8;0.833;0.9;0.666;0.666;;;;;;;
18,11,2023;Gurgl;Austria;Kirchenklar;COSTAZZA Stefano;63;62;2475;2265;210;13:45;SUNNY;COMPACT;-5;-4;2;AUT;SCHWARZ Marco;yes;18,11,2023Gurgl2AUT;53.08;1.033;0.766;0.766;0.8;0.833;0.866;0.433;0.866;1;0.933;0.866;0.4;0.833;1;1.1;1.1;1.066;1.1;1.133;1.1;1.066;1.033;0.966;0.9;0.933;0.466;0.933;1.033;0.966;1.033;0.833;1.333;1.033;0.466;0.933;1.066;1;1.1;1;0.9;0.933;0.833;0.8;0.4;0.466;0.733;0.7;0.766;0.7;0.733;0.333;0.4;0.666;0.733;0.4;0.7;0.833;0.933;0.933;0.633;0.7;;;;;;;
21,01,2024;Kitzbuehel;Austria;Ganslern;del DIO Simone;60;59;1004;811;193;10:30;SUNNY;HARD;-7;-6;1;SWE;JAKOBSEN Kristoffer;yes;21,01,2024Kitzbuehel1SWE;50.09;1.033;0.9;0.966;0.833;0.9;0.933;0.866;0.4;0.9;0.766;0.833;0.966;1;0.5;1.1;1.133;1.033;0.866;0.966;0.733;0.966;0.466;0.933;1.066;1;0.833;0.9;1.1;0.9;0.766;0.833;0.366;0.866;1.133;0.933;0.966;0.9;0.566;0.8;0.466;0.9;0.833;0.9;0.8;0.833;0.433;0.5;0.733;0.8;0.866;0.833;0.833;0.866;1.033;0.8;0.8;0.733;0.433;0.733;;;;;;;;;
21,01,2024;Kitzbuehel;Austria;Ganslern;VUINGIER Julien;61;60;1004;811;193;13:30;PARTLY CLOUDY;HARD;2;3;2;GER;STRASSER Linus;yes;21,01,2024Kitzbuehel2GER;49.87;0.966;0.866;0.833;0.866;0.433;0.866;0.833;0.866;0.9;0.966;0.866;0.9;0.466;0.933;1;1.066;1;1;0.866;1.033;0.833;0.866;0.4;1;1.066;0.766;0.766;1.333;0.766;0.733;0.4;1;0.9;1;0.933;0.933;0.933;0.866;0.5;0.9;0.833;0.933;0.833;0.766;0.366;0.4;0.7;0.733;0.8;0.866;0.466;0.966;0.833;0.9;0.8;0.7;0.766;0.833;0.766;;;;;;;;;
21,01,2024;Kitzbuehel;Austria;Ganslern;del DIO Simone;60;59;1004;811;193;10:30;SUNNY;HARD;-7;-6;1;SUI;YULE Daniel;no;21,01,2024Kitzbuehel1SUI;50.14;1;0.9;0.966;0.9;0.833;0.933;0.866;0.466;0.833;0.8;0.866;0.9;0.9;0.5;1.1;1.2;1.033;0.9;0.9;0.8;0.966;0.5;0.966;1.066;1.033;1;0.833;0.866;1.166;0.866;0.8;0.866;0.433;1;0.933;0.933;0.9;0.833;0.666;0.833;0.4;0.966;0.833;0.866;0.833;0.833;0.433;0.533;0.7;0.833;0.866;0.8;0.833;0.933;0.966;0.833;0.766;0.466;0.7;;;;;;;;;
21,01,2024;Kitzbuehel;Austria;Ganslern;VUINGIER Julien;61;60;1004;811;193;13:30;PARTLY CLOUDY;HARD;2;3;2;SUI;YULE Daniel;no;21,01,2024Kitzbuehel2SUI;50.42;1;0.833;0.866;0.8;0.433;0.933;0.933;0.866;0.866;0.9;0.866;0.866;0.6;0.933;1.033;1.033;1.133;0.933;0.9;0.9;0.9;0.9;0.466;1.033;0.933;0.866;0.733;1.3;0.833;0.8;0.4;1;1;0.933;0.966;0.866;0.9;0.866;0.466;0.933;0.866;0.9;0.833;0.766;0.366;0.466;0.733;0.7;0.766;0.8;0.466;0.933;0.933;1;0.9;0.766;0.766;0.8;0.733;;;;;;;;;
22,12,2023;Madonna;Italy;Canalone Miramonti;JORIS Matteo;60;59;1725;1545;180;20:45;PARTLY CLOUDY;COMPACT;-2;0;2;SUI;AERNI Luca;yes;22,12,2023Madonna2SUI;51.9;0.966;0.8;0.866;0.833;0.8;0.8;0.4;0.966;0.966;0.933;0.933;0.866;0.833;0.8;0.8;0.4;0.5;0.933;0.966;0.866;0.833;0.866;0.833;0.833;0.833;1.266;0.533;0.9;0.766;0.866;0.9;0.866;0.433;1;1;1.066;1.2;1.1;1.1;1.066;1.033;1.033;0.9;0.966;0.433;0.9;0.9;1.1;0.966;0.9;0.4;0.5;0.866;0.9;0.933;1.033;0.9;0.833;;;;;;;;;;
22,12,2023;Madonna;Italy;Canalone Miramonti;ENOCSON Calle;62;60;1725;1545;180;17:45;PARTLY CLOUDY;COMPACT;0;2;1;SUI;MEILLARD Loic;no;22,12,2023Madonna1SUI;48.33;0.966;0.8;0.7;0.766;0.366;0.4;0.766;0.733;0.8;0.933;0.8;0.766;0.366;0.7;0.733;0.766;0.733;0.766;0.466;0.866;0.666;0.866;0.866;0.8;0.733;0.733;0.733;0.9;1.233;0.8;0.866;0.8;0.8;0.4;0.9;0.966;1.033;1.033;0.933;1;1;0.9;0.933;0.866;0.8;0.433;0.8;0.766;1.233;0.8;0.866;0.8;0.333;0.8;0.866;0.866;0.833;0.733;0.666;;;;;;;;;
22,12,2023;Madonna;Italy;Canalone Miramonti;ENOCSON Calle;62;60;1725;1545;180;17:45;PARTLY CLOUDY;COMPACT;0;2;1;FRA;NOEL Clement;yes;22,12,2023Madonna1FRA;47.96;0.9;0.8;0.733;0.8;0.366;0.433;0.733;0.733;0.8;0.9;0.8;0.8;0.333;0.7;0.766;0.766;0.733;0.766;0.533;0.933;0.7;0.866;0.866;0.8;0.666;0.7;0.7;0.833;1.3;0.8;0.866;0.8;0.8;0.433;0.866;0.9;1.1;1.166;0.866;0.933;0.9;0.866;0.9;0.9;0.766;0.466;0.8;0.733;1.266;0.733;0.866;0.733;0.366;0.766;0.833;0.766;0.833;0.7;0.7;;;;;;;;;
22,12,2023;Madonna;Italy;Canalone Miramonti;JORIS Matteo;60;59;1725;1545;180;20:45;PARTLY CLOUDY;COMPACT;-2;0;2;GBR;RYDING Dave;no;22,12,2023Madonna2GBR;51.96;1;0.866;0.8;0.8;0.733;0.766;0.4;0.933;0.966;0.9;0.866;0.9;0.866;0.866;0.8;0.4;0.466;1;0.966;0.9;0.866;0.933;0.8;0.8;0.866;1.2;0.5;0.933;0.733;0.833;0.966;0.933;0.433;1;1;1.133;1.2;1.133;1.166;1.1;0.966;1.066;0.933;0.9;0.466;0.933;1;1;0.866;0.9;0.4;0.5;0.833;0.9;0.966;1;0.9;0.8;;;;;;;;;;
25,02,2024;Palisades Tahoe;USA;Red Dog;GRASIC Pavel;65;63;2113;1918;195;13:00;SUNNY;HARD PACKED;7;8;2;NOR;MCGRATH Atle Lie;yes;25,02,2024Palisades Tahoe2NOR;48.9;1;0.916;0.533;0.733;0.366;0.883;0.8;0.95;1;0.966;0.566;1;0.683;1.033;0.766;1.016;1.716;0.6;0.4;1.083;0.8;0.866;0.816;0.466;0.916;0.8;0.9;0.833;0.35;0.733;0.8;0.833;0.8;0.883;0.4;0.8;0.75;0.766;0.8;0.6;0.566;0.816;0.533;0.45;0.75;0.816;0.75;0.883;0.833;0.366;0.916;0.8;0.8;0.9;0.383;0.866;0.716;0.716;0.7;0.683;0.733;;;;;;;
25,02,2024;Palisades Tahoe;USA;Red Dog;GRASIC Pavel;65;63;2113;1918;195;13:00;SUNNY;HARD PACKED;7;8;2;SUI;MEILLARD Loic;no;25,02,2024Palisades Tahoe2SUI;49.33;0.983;0.933;0.516;0.8;0.45;0.933;0.7;0.916;0.916;0.933;0.516;1.033;0.683;1;0.733;0.983;1.65;0.6;0.45;0.983;0.8;0.833;0.8;0.533;0.916;0.883;0.883;0.833;0.4;0.716;0.816;0.833;0.766;0.966;0.416;0.916;0.85;0.766;0.833;0.616;0.533;1;0.483;0.483;0.866;0.816;0.8;0.916;0.866;0.35;0.866;0.833;0.883;0.85;0.4;0.866;0.766;0.766;0.683;0.733;0.65;;;;;;;
25,02,2024;Palisades Tahoe;USA;Red Dog;MEYNET Thierry;66;65;2113;1918;195;10:00;SUNNY;HARD PACKED;2;-2;1;GER;STRASSER Linus;yes;25,02,2024Palisades Tahoe1GER;51.65;0.866;0.916;0.85;0.416;0.933;0.85;0.816;0.733;0.85;0.9;0.883;0.483;1;0.883;0.916;0.716;1.033;0.85;0.966;0.95;0.95;0.366;0.916;0.8;1.083;0.65;0.766;0.8;0.833;0.633;0.733;0.383;0.966;0.916;0.983;0.833;0.416;0.883;0.716;0.8;0.766;0.7;0.433;0.4;0.816;0.816;0.833;0.833;0.85;0.716;0.933;0.783;0.366;0.883;0.75;0.8;0.8;0.65;0.833;0.8;0.766;0.4;0.75;;;;;
25,02,2024;Palisades Tahoe;USA;Red Dog;MEYNET Thierry;66;65;2113;1918;195;10:00;SUNNY;HARD PACKED;2;-2;1;SUI;YULE Daniel;no;25,02,2024Palisades Tahoe1SUI;53.2;0.916;0.883;0.883;0.516;0.916;0.85;0.866;0.716;0.95;0.816;0.916;0.533;0.983;0.916;0.95;0.7;1;0.9;1;0.816;0.916;0.466;0.933;0.85;1.116;0.7;0.75;0.85;0.8;0.65;0.75;0.433;0.916;0.883;1;0.883;0.483;0.916;0.8;0.833;0.85;0.766;0.433;0.483;0.883;0.833;0.8;0.816;0.816;0.733;0.9;0.816;0.466;0.9;0.833;0.8;0.833;0.733;0.9;0.916;0.766;0.4;0.833;;;;;
17,03,2024;Saalbach;Austria;Ulli Maier;PAGE Kevin;74;72;1279;1060;219;13:30;PARTLY CLOUDY;SPRING CONDITIONS;10;11;2;SUI;AERNI Luca;no;17,03,2024Saalbach2SUI;57.85;0.966;0.733;0.833;0.8;0.9;1.333;0.8;0.8;0.8;1.2;0.8;0.933;0.966;0.8;0.9;0.933;1.266;0.866;1.2;0.8;0.9;0.833;0.9;0.866;0.933;0.766;0.9;1.466;0.833;0.866;0.866;1;0.9;0.9;1.6;1.233;0.7;0.6;0.666;1.6;1.1;0.9;0.8;0.966;0.933;1;0.933;1.233;1.7;0.9;0.966;0.866;0.8;0.7;0.7;0.833;0.733;1.133;;;;;;;;;;
17,03,2024;Saalbach;Austria;Ulli Maier;PAGE Kevin;74;72;1279;1060;219;13:30;PARTLY CLOUDY;SPRING CONDITIONS;10;11;2;GRE;GINNIS AJ;yes;17,03,2024Saalbach2GRE;56.67;1;0.733;0.7;0.766;0.8;1.233;0.833;0.833;0.733;1.2;0.8;0.8;1;0.7;1.033;0.733;1.233;0.8;1.2;0.7;0.866;0.866;0.9;0.8;0.866;0.833;0.833;1.366;0.9;0.866;0.866;0.9;0.866;0.833;1.633;1.233;0.766;0.6;0.7;1.4;0.666;1.233;0.766;0.866;1.2;0.966;1.1;1;1.633;1;0.966;0.833;0.833;0.733;0.7;0.8;0.766;1.2;;;;;;;;;;
17,03,2024;Saalbach;Austria;Ulli Maier;COSTAZZA Stefano;73;72;1279;1060;219;10:30;SUNNY;HARD;6;7;1;NOR;HAUGAN Timon;yes;17,03,2024Saalbach1NOR;55.59;1.4;0.866;0.666;0.833;0.4;0.766;0.833;0.833;0.833;0.833;0.733;0.8;0.866;1;1;0.866;0.9;0.466;0.9;0.866;0.8;0.9;0.8;0.9;0.866;0.433;0.866;0.833;0.833;0.866;0.833;0.833;0.9;0.866;0.9;0.866;0.866;0.833;0.766;0.466;0.7;0.7;0.8;0.666;0.8;0.433;0.4;0.666;0.833;0.8;0.8;0.833;0.466;0.9;1.266;0.833;0.833;0.733;0.833;0.8;0.733;0.433;0.666;0.666;0.666;0.633;0.766;0.733
17,03,2024;Saalbach;Austria;Ulli Maier;COSTAZZA Stefano;73;72;1279;1060;219;10:30;SUNNY;HARD;6;7;1;SUI;MEILLARD Loic;no;17,03,2024Saalbach1SUI;56.09;0.9;0.833;0.833;0.833;0.433;0.833;0.833;1;0.833;0.8;0.766;0.8;0.833;1.033;0.833;0.966;0.866;0.466;0.866;0.866;0.833;0.833;0.966;0.866;0.866;0.433;0.866;0.933;1.1;1.366;1.1;0.9;0.9;0.9;0.866;0.966;0.866;0.833;0.733;0.433;0.733;0.733;0.733;0.7;0.766;0.433;0.4;0.733;0.733;0.866;0.866;1.1;0.533;0.866;1.166;0.933;0.9;0.8;0.833;0.8;0.666;0.4;0.666;0.666;0.6;0.633;0.666;0.7
24,01,2024;Schladming;Austria;Planai;MITTER Christian;63;61;958;744;214;20:45;RAIN;COMPACT;3;5;2;AUT;GSTREIN Fabio;yes;24,01,2024Schladming2AUT;53.93;0.866;0.8;0.4;1;0.7;0.966;0.8;0.9;0.833;0.466;0.8;0.866;0.9;0.533;0.533;1;1.133;1;1.1;1.033;0.533;0.833;0.6;0.9;1.733;0.866;1.1;0.9;1.1;1.1;1.033;0.966;0.966;0.466;0.966;0.733;1;0.9;1.166;0.933;1.133;0.433;1.033;0.966;1.3;0.9;0.9;0.9;0.933;0.433;1.066;1.066;1.066;0.933;0.9;0.833;0.4;0.5;0.8;0.533;;;;;;;;
24,01,2024;Schladming;Austria;Planai;MITTER Christian;63;61;958;744;214;20:45;RAIN;COMPACT;3;5;2;SUI;ROCHAT Marc;no;24,01,2024Schladming2SUI;54.56;0.9;0.8;0.433;0.966;0.7;0.9;0.933;0.933;0.9;0.433;0.866;0.933;0.966;0.533;0.533;1.066;1.1;1;1.033;1.1;0.466;0.833;0.6;0.9;1.6;0.966;1.066;0.866;1.033;1.1;0.933;1.033;0.933;0.433;0.966;0.733;1.1;1;1.1;0.966;1.1;0.466;1;0.9;1.4;0.9;0.933;0.866;1;0.433;1.133;1.066;1.1;0.933;1;0.866;0.4;0.566;0.8;0.566;;;;;;;;
24,01,2024;Schladming;Austria;Planai;MUNIER Fabien;63;61;958;744;214;17:45;PARTLY CLOUDY;COMPACT;6;7;1;GER;STRASSER Linus;yes;24,01,2024Schladming1GER;50.46;0.866;0.833;0.866;0.4;0.866;0.666;0.9;0.766;0.866;0.766;1.366;0.766;0.866;0.633;0.9;0.933;0.733;0.366;0.9;0.766;0.833;0.833;0.9;0.933;0.933;0.9;0.9;0.933;0.533;1.066;0.966;0.833;0.4;1.033;0.9;0.9;0.866;0.9;0.833;1.366;0.866;0.8;0.866;0.766;0.366;0.9;0.766;0.833;0.433;0.566;1;0.833;0.7;0.866;0.8;0.766;0.366;0.866;0.733;0.766;;;;;;;;
24,01,2024;Schladming;Austria;Planai;MUNIER Fabien;63;61;958;744;214;17:45;PARTLY CLOUDY;COMPACT;6;7;1;SUI;YULE Daniel;no;24,01,2024Schladming1SUI;51.24;0.9;0.766;0.833;0.466;0.9;0.733;0.866;0.766;0.8;0.833;1.3;0.8;0.9;0.7;0.9;0.866;0.833;0.366;0.8;0.766;0.9;0.866;0.9;0.9;0.9;0.9;0.933;1;0.5;1.1;0.9;0.966;0.433;1.1;0.766;1;0.933;1;0.866;1.433;0.9;0.9;0.866;0.866;0.366;0.966;0.766;0.8;0.366;0.466;0.9;0.9;0.733;0.866;0.866;0.733;0.433;0.9;0.666;0.733;;;;;;;;
14,01,2024;Wengen;Switzerland;Maennlichen;KROISLEITNER Martin;67;65;1475;1281;194;10:15;SUNNY;HARD PACKED;-3;-2;1;NOR;MCGRATH Atle Lie;yes;14,01,2024Wengen1NOR;53.67;0.88;0.82;0.8;0.86;0.42;0.84;0.8;0.88;0.88;0.88;0.8;0.76;0.9;0.84;0.8;0.8;0.36;0.9;0.86;0.88;0.86;0.84;0.44;0.4;0.82;0.78;0.92;1.16;0.84;1;1.02;1;0.92;0.48;0.98;0.86;1.3;0.8;0.76;0.82;0.86;0.9;0.88;0.8;0.4;0.56;1.06;1.5;0.92;0.84;0.42;0.82;0.8;0.84;1.08;1.06;0.82;0.72;0.64;0.74;0.42;0.46;1.46;;;;;
14,01,2024;Wengen;Switzerland;Maennlichen;ROTEN Jorg;65;64;1475;1281;194;13:15;PARTLY CLOUDY;HARD PACKED;-1;0;2;SUI;MEILLARD Loic;no;14,01,2024Wengen2SUI;56.23;0.86;0.72;0.86;0.88;0.88;0.86;0.82;0.42;0.94;1.08;0.86;0.84;0.86;0.9;0.86;0.46;0.92;0.92;0.82;0.8;0.74;0.46;0.44;0.76;0.78;0.88;1.02;0.98;1.12;1.2;1.14;1.08;1.12;0.68;1.02;0.9;1.42;0.78;1.06;0.92;1;0.52;1;1.06;1.18;0.94;0.94;0.9;0.96;0.88;0.86;0.54;1.1;1.12;1.06;0.94;0.44;0.46;0.76;0.72;0.82;0.72;0.66;;;;;
14,01,2024;Wengen;Switzerland;Maennlichen;ROTEN Jorg;65;64;1475;1281;194;13:15;PARTLY CLOUDY;HARD PACKED;-1;0;2;FRA;NOEL Clement;yes;14,01,2024Wengen2FRA;55.82;0.8;0.76;0.88;0.9;0.84;0.84;0.8;0.42;0.92;1.14;0.78;0.8;0.88;0.86;0.8;0.44;0.88;0.88;0.86;0.82;0.8;0.44;0.48;0.8;0.7;0.9;1.02;1.1;1.08;1.12;1.16;1.02;1.14;0.64;0.98;0.84;1.44;0.8;1.02;0.9;0.92;0.52;0.98;1.16;1.18;0.88;0.84;0.88;0.84;0.88;0.9;0.54;1.08;1.16;1.06;0.94;0.48;0.48;0.84;0.74;0.78;0.76;0.74;;;;;
14,01,2024;Wengen;Switzerland;Maennlichen;KROISLEITNER Martin;67;65;1475;1281;194;10:15;SUNNY;HARD PACKED;-3;-2;1;SUI;ROCHAT Marc;no;14,01,2024Wengen1SUI;54.86;0.9;0.88;0.86;0.94;0.42;0.98;0.86;0.9;0.92;0.9;0.86;0.5;0.98;0.84;0.84;0.78;0.38;0.98;0.84;0.9;0.9;0.84;0.4;0.44;0.8;0.82;0.88;1.06;1.18;1.04;1.14;0.96;0.96;0.44;0.98;0.88;1.28;0.84;0.8;0.8;0.88;0.92;0.88;0.84;0.4;0.52;1.14;1.38;0.92;0.94;0.46;0.88;0.84;0.88;1.04;1;0.86;0.72;0.64;0.72;0.42;0.5;1.42;;;;;